<?xml version="1.0"?>
<CustomerDetails xmlns:xsi="http://www.w3.org/2001/XMLSchema-instance"
xsi:schemaLocation="xmlsample.xsd">

	<Customer>
			<ApplicationId>1005</ApplicationId>
			<Name>Priya</Name>
			<Mobileno>9982212345</Mobileno>
			<EmailId>priya@capgemini.com</EmailId>
			<ProgramId>1</ProgramId>
	</Customer>
	<Customer>
			<ApplicationId>1002</ApplicationId>
			<Name>Anuj</Name>
			<Mobileno>9982254321</Mobileno>
			<EmailId>anuj@capgemini.com</EmailId>
			<ProgramId>2</ProgramId>
	</Customer>
	
</CustomerDetails>
